image_id,caption
1354,ภาพถ่ายของสิ่งของ
1413,ภาพถ่ายของสิ่งของ
1802,ภาพถ่ายของสิ่งของ
1243,ภาพถ่ายของสิ่งของ
693,ภาพถ่ายของสิ่งของ
1695,ภาพถ่ายของสิ่งของ
1735,ภาพถ่ายของสิ่งของ
1440,ภาพถ่ายของสิ่งของ
296,ภาพถ่ายของสิ่งของ
1144,ภาพถ่ายของสิ่งของ
62,ภาพถ่ายของสิ่งของ
933,ภาพถ่ายของสิ่งของ
149,ภาพถ่ายของสิ่งของ
458,ภาพถ่ายของสิ่งของ
141,ภาพถ่ายของสิ่งของ
559,ภาพถ่ายของสิ่งของ
978,ภาพถ่ายของสิ่งของ
1909,ภาพถ่ายของสิ่งของ
1056,ภาพถ่ายของสิ่งของ
1587,ภาพถ่ายของสิ่งของ
1349,ภาพถ่ายของสิ่งของ
1469,ภาพถ่ายของสิ่งของ
862,ภาพถ่ายของสิ่งของ
803,ภาพถ่ายของสิ่งของ
966,ภาพถ่ายของสิ่งของ
466,ภาพถ่ายของสิ่งของ
197,ภาพถ่ายของสิ่งของ
843,ภาพถ่ายของสิ่งของ
1817,ภาพถ่ายของสิ่งของ
18,ภาพถ่ายของสิ่งของ
260,ภาพถ่ายของสิ่งของ
1680,ภาพถ่ายของสิ่งของ
1229,ภาพถ่ายของสิ่งของ
112,ภาพถ่ายของสิ่งของ
1934,ภาพถ่ายของสิ่งของ
554,ภาพถ่ายของสิ่งของ
1347,ภาพถ่ายของสิ่งของ
1577,ภาพถ่ายของสิ่งของ
867,ภาพถ่ายของสิ่งของ
1401,ภาพถ่ายของสิ่งของ
1159,ภาพถ่ายของสิ่งของ
109,ภาพถ่ายของสิ่งของ
649,ภาพถ่ายของสิ่งของ
1744,ภาพถ่ายของสิ่งของ
423,ภาพถ่ายของสิ่งของ
1671,ภาพถ่ายของสิ่งของ
846,ภาพถ่ายของสิ่งของ
567,ภาพถ่ายของสิ่งของ
1800,ภาพถ่ายของสิ่งของ
1439,ภาพถ่ายของสิ่งของ
383,ภาพถ่ายของสิ่งของ
374,ภาพถ่ายของสิ่งของ
162,ภาพถ่ายของสิ่งของ
1638,ภาพถ่ายของสิ่งของ
55,ภาพถ่ายของสิ่งของ
1197,ภาพถ่ายของสิ่งของ
1010,ภาพถ่ายของสิ่งของ
1020,ภาพถ่ายของสิ่งของ
73,ภาพถ่ายของสิ่งของ
431,ภาพถ่ายของสิ่งของ
1699,ภาพถ่ายของสิ่งของ
1605,ภาพถ่ายของสิ่งของ
1937,ภาพถ่ายของสิ่งของ
79,ภาพถ่ายของสิ่งของ
722,ภาพถ่ายของสิ่งของ
292,ภาพถ่ายของสิ่งของ
1057,ภาพถ่ายของสิ่งของ
1201,ภาพถ่ายของสิ่งของ
129,ภาพถ่ายของสิ่งของ
1719,ภาพถ่ายของสิ่งของ
661,ภาพถ่ายของสิ่งของ
1503,ภาพถ่ายของสิ่งของ
1529,ภาพถ่ายของสิ่งของ
1757,ภาพถ่ายของสิ่งของ
1318,ภาพถ่ายของสิ่งของ
1815,ภาพถ่ายของสิ่งของ
934,ภาพถ่ายของสิ่งของ
104,ภาพถ่ายของสิ่งของ
1225,ภาพถ่ายของสิ่งของ
1223,ภาพถ่ายของสิ่งของ
1723,ภาพถ่ายของสิ่งของ
242,ภาพถ่ายของสิ่งของ
482,ภาพถ่ายของสิ่งของ
1542,ภาพถ่ายของสิ่งของ
777,ภาพถ่ายของสิ่งของ
1308,ภาพถ่ายของสิ่งของ
386,ภาพถ่ายของสิ่งของ
1608,ภาพถ่ายของสิ่งของ
501,ภาพถ่ายของสิ่งของ
1854,ภาพถ่ายของสิ่งของ
681,ภาพถ่ายของสิ่งของ
890,ภาพถ่ายของสิ่งของ
643,ภาพถ่ายของสิ่งของ
1920,ภาพถ่ายของสิ่งของ
1663,ภาพถ่ายของสิ่งของ
1851,ภาพถ่ายของสิ่งของ
1799,ภาพถ่ายของสิ่งของ
737,ภาพถ่ายของสิ่งของ
891,ภาพถ่ายของสิ่งของ
428,ภาพถ่ายของสิ่งของ
856,ภาพถ่ายของสิ่งของ
1852,ภาพถ่ายของสิ่งของ
560,ภาพถ่ายของสิ่งของ
1795,ภาพถ่ายของสิ่งของ
1514,ภาพถ่ายของสิ่งของ
994,ภาพถ่ายของสิ่งของ
1002,ภาพถ่ายของสิ่งของ
1985,ภาพถ่ายของสิ่งของ
1411,ภาพถ่ายของสิ่งของ
440,ภาพถ่ายของสิ่งของ
484,ภาพถ่ายของสิ่งของ
632,ภาพถ่ายของสิ่งของ
578,ภาพถ่ายของสิ่งของ
1146,ภาพถ่ายของสิ่งของ
1513,ภาพถ่ายของสิ่งของ
1936,ภาพถ่ายของสิ่งของ
158,ภาพถ่ายของสิ่งของ
833,ภาพถ่ายของสิ่งของ
1718,ภาพถ่ายของสิ่งของ
188,ภาพถ่ายของสิ่งของ
1810,ภาพถ่ายของสิ่งของ
1250,ภาพถ่ายของสิ่งของ
1325,ภาพถ่ายของสิ่งของ
307,ภาพถ่ายของสิ่งของ
755,ภาพถ่ายของสิ่งของ
1050,ภาพถ่ายของสิ่งของ
679,ภาพถ่ายของสิ่งของ
376,ภาพถ่ายของสิ่งของ
1477,ภาพถ่ายของสิ่งของ
1098,ภาพถ่ายของสิ่งของ
735,ภาพถ่ายของสิ่งของ
212,ภาพถ่ายของสิ่งของ
921,ภาพถ่ายของสิ่งของ
19,ภาพถ่ายของสิ่งของ
1859,ภาพถ่ายของสิ่งของ
1880,ภาพถ่ายของสิ่งของ
1520,ภาพถ่ายของสิ่งของ
252,ภาพถ่ายของสิ่งของ
779,ภาพถ่ายของสิ่งของ
264,ภาพถ่ายของสิ่งของ
389,ภาพถ่ายของสิ่งของ
1836,ภาพถ่ายของสิ่งของ
1008,ภาพถ่ายของสิ่งของ
1108,ภาพถ่ายของสิ่งของ
479,ภาพถ่ายของสิ่งของ
634,ภาพถ่ายของสิ่งของ
791,ภาพถ่ายของสิ่งของ
1251,ภาพถ่ายของสิ่งของ
566,ภาพถ่ายของสิ่งของ
1604,ภาพถ่ายของสิ่งของ
385,ภาพถ่ายของสิ่งของ
1275,ภาพถ่ายของสิ่งของ
1234,ภาพถ่ายของสิ่งของ
1069,ภาพถ่ายของสิ่งของ
573,ภาพถ่ายของสิ่งของ
1343,ภาพถ่ายของสิ่งของ
1381,ภาพถ่ายของสิ่งของ
527,ภาพถ่ายของสิ่งของ
2,ภาพถ่ายของสิ่งของ
157,ภาพถ่ายของสิ่งของ
1595,ภาพถ่ายของสิ่งของ
1408,ภาพถ่ายของสิ่งของ
1933,ภาพถ่ายของสิ่งของ
1841,ภาพถ่ายของสิ่งของ
28,ภาพถ่ายของสิ่งของ
1335,ภาพถ่ายของสิ่งของ
971,ภาพถ่ายของสิ่งของ
1689,ภาพถ่ายของสิ่งของ
1510,ภาพถ่ายของสิ่งของ
1701,ภาพถ่ายของสิ่งของ
1200,ภาพถ่ายของสิ่งของ
950,ภาพถ่ายของสิ่งของ
893,ภาพถ่ายของสิ่งของ
802,ภาพถ่ายของสิ่งของ
480,ภาพถ่ายของสิ่งของ
1361,ภาพถ่ายของสิ่งของ
848,ภาพถ่ายของสิ่งของ
1035,ภาพถ่ายของสิ่งของ
193,ภาพถ่ายของสิ่งของ
1448,ภาพถ่ายของสิ่งของ
1170,ภาพถ่ายของสิ่งของ
858,ภาพถ่ายของสิ่งของ
1046,ภาพถ่ายของสิ่งของ
1329,ภาพถ่ายของสิ่งของ
1860,ภาพถ่ายของสิ่งของ
533,ภาพถ่ายของสิ่งของ
1904,ภาพถ่ายของสิ่งของ
311,ภาพถ่ายของสิ่งของ
1207,ภาพถ่ายของสิ่งของ
1169,ภาพถ่ายของสิ่งของ
1902,ภาพถ่ายของสิ่งของ
606,ภาพถ่ายของสิ่งของ
1352,ภาพถ่ายของสิ่งของ
1661,ภาพถ่ายของสิ่งของ
490,ภาพถ่ายของสิ่งของ
871,ภาพถ่ายของสิ่งของ
1525,ภาพถ่ายของสิ่งของ
1498,ภาพถ่ายของสิ่งของ
1367,ภาพถ่ายของสิ่งของ
189,ภาพถ่ายของสิ่งของ
328,ภาพถ่ายของสิ่งของ
1471,ภาพถ่ายของสิ่งของ
1806,ภาพถ่ายของสิ่งของ
1948,ภาพถ่ายของสิ่งของ
863,ภาพถ่ายของสิ่งของ
1078,ภาพถ่ายของสิ่งของ
1561,ภาพถ่ายของสิ่งของ
309,ภาพถ่ายของสิ่งของ
359,ภาพถ่ายของสิ่งของ
772,ภาพถ่ายของสิ่งของ
1693,ภาพถ่ายของสิ่งของ
1533,ภาพถ่ายของสิ่งของ
305,ภาพถ่ายของสิ่งของ
156,ภาพถ่ายของสิ่งของ
1193,ภาพถ่ายของสิ่งของ
782,ภาพถ่ายของสิ่งของ
936,ภาพถ่ายของสิ่งของ
439,ภาพถ่ายของสิ่งของ
944,ภาพถ่ายของสิ่งของ
91,ภาพถ่ายของสิ่งของ
1022,ภาพถ่ายของสิ่งของ
806,ภาพถ่ายของสิ่งของ
1725,ภาพถ่ายของสิ่งของ
54,ภาพถ่ายของสิ่งของ
13,ภาพถ่ายของสิ่งของ
639,ภาพถ่ายของสิ่งของ
1252,ภาพถ่ายของสิ่งของ
1102,ภาพถ่ายของสิ่งของ
872,ภาพถ่ายของสิ่งของ
488,ภาพถ่ายของสิ่งของ
1807,ภาพถ่ายของสิ่งของ
362,ภาพถ่ายของสิ่งของ
528,ภาพถ่ายของสิ่งของ
965,ภาพถ่ายของสิ่งของ
395,ภาพถ่ายของสิ่งของ
1397,ภาพถ่ายของสิ่งของ
819,ภาพถ่ายของสิ่งของ
1607,ภาพถ่ายของสิ่งของ
831,ภาพถ่ายของสิ่งของ
1371,ภาพถ่ายของสิ่งของ
1847,ภาพถ่ายของสิ่งของ
1812,ภาพถ่ายของสิ่งของ
1466,ภาพถ่ายของสิ่งของ
203,ภาพถ่ายของสิ่งของ
1290,ภาพถ่ายของสิ่งของ
1844,ภาพถ่ายของสิ่งของ
793,ภาพถ่ายของสิ่งของ
1858,ภาพถ่ายของสิ่งของ
443,ภาพถ่ายของสิ่งของ
1971,ภาพถ่ายของสิ่งของ
1919,ภาพถ่ายของสิ่งของ
493,ภาพถ่ายของสิ่งของ
138,ภาพถ่ายของสิ่งของ
556,ภาพถ่ายของสิ่งของ
1071,ภาพถ่ายของสิ่งของ
530,ภาพถ่ายของสิ่งของ
598,ภาพถ่ายของสิ่งของ
821,ภาพถ่ายของสิ่งของ
1652,ภาพถ่ายของสิ่งของ
204,ภาพถ่ายของสิ่งของ
1216,ภาพถ่ายของสิ่งของ
1709,ภาพถ่ายของสิ่งของ
1760,ภาพถ่ายของสิ่งของ
88,ภาพถ่ายของสิ่งของ
126,ภาพถ่ายของสิ่งของ
1153,ภาพถ่ายของสิ่งของ
562,ภาพถ่ายของสิ่งของ
410,ภาพถ่ายของสิ่งของ
275,ภาพถ่ายของสิ่งของ
1923,ภาพถ่ายของสิ่งของ
522,ภาพถ่ายของสิ่งของ
118,ภาพถ่ายของสิ่งของ
1872,ภาพถ่ายของสิ่งของ
170,ภาพถ่ายของสิ่งของ
1302,ภาพถ่ายของสิ่งของ
885,ภาพถ่ายของสิ่งของ
1036,ภาพถ่ายของสิ่งของ
810,ภาพถ่ายของสิ่งของ
1912,ภาพถ่ายของสิ่งของ
1266,ภาพถ่ายของสิ่งของ
1820,ภาพถ่ายของสิ่งของ
284,ภาพถ่ายของสิ่งของ
1419,ภาพถ่ายของสิ่งของ
1838,ภาพถ่ายของสิ่งของ
1150,ภาพถ่ายของสิ่งของ
752,ภาพถ่ายของสิ่งของ
1925,ภาพถ่ายของสิ่งของ
1446,ภาพถ่ายของสิ่งของ
186,ภาพถ่ายของสิ่งของ
1383,ภาพถ่ายของสิ่งของ
180,ภาพถ่ายของสิ่งของ
227,ภาพถ่ายของสิ่งของ
1621,ภาพถ่ายของสิ่งของ
961,ภาพถ่ายของสิ่งของ
845,ภาพถ่ายของสิ่งของ
526,ภาพถ่ายของสิ่งของ
1194,ภาพถ่ายของสิ่งของ
969,ภาพถ่ายของสิ่งของ
1240,ภาพถ่ายของสิ่งของ
1654,ภาพถ่ายของสิ่งของ
1468,ภาพถ่ายของสิ่งของ
1728,ภาพถ่ายของสิ่งของ
1509,ภาพถ่ายของสิ่งของ
22,ภาพถ่ายของสิ่งของ
1164,ภาพถ่ายของสิ่งของ
1977,ภาพถ่ายของสิ่งของ
647,ภาพถ่ายของสิ่งของ
403,ภาพถ่ายของสิ่งของ
1247,ภาพถ่ายของสิ่งของ
854,ภาพถ่ายของสิ่งของ
472,ภาพถ่ายของสิ่งของ
349,ภาพถ่ายของสิ่งของ
370,ภาพถ่ายของสิ่งของ
1261,ภาพถ่ายของสิ่งของ
628,ภาพถ่ายของสิ่งของ
1780,ภาพถ่ายของสิ่งของ
1751,ภาพถ่ายของสิ่งของ
557,ภาพถ่ายของสิ่งของ
172,ภาพถ่ายของสิ่งของ
657,ภาพถ่ายของสิ่งของ
36,ภาพถ่ายของสิ่งของ
699,ภาพถ่ายของสิ่งของ
1690,ภาพถ่ายของสิ่งของ
507,ภาพถ่ายของสิ่งของ
1911,ภาพถ่ายของสิ่งของ
1012,ภาพถ่ายของสิ่งของ
1942,ภาพถ่ายของสิ่งของ
47,ภาพถ่ายของสิ่งของ
1609,ภาพถ่ายของสิ่งของ
570,ภาพถ่ายของสิ่งของ
1080,ภาพถ่ายของสิ่งของ
801,ภาพถ่ายของสิ่งของ
1453,ภาพถ่ายของสิ่งของ
30,ภาพถ่ายของสิ่งของ
1863,ภาพถ่ายของสิ่งของ
623,ภาพถ่ายของสิ่งของ
341,ภาพถ่ายของสิ่งของ
588,ภาพถ่ายของสิ่งของ
928,ภาพถ่ายของสิ่งของ
1655,ภาพถ่ายของสิ่งของ
1571,ภาพถ่ายของสิ่งของ
873,ภาพถ่ายของสิ่งของ
1707,ภาพถ่ายของสิ่งของ
1333,ภาพถ่ายของสิ่งของ
691,ภาพถ่ายของสิ่งของ
970,ภาพถ่ายของสิ่งของ
1555,ภาพถ่ายของสิ่งของ
115,ภาพถ่ายของสิ่งของ
1790,ภาพถ่ายของสิ่งของ
629,ภาพถ่ายของสิ่งของ
1624,ภาพถ่ายของสิ่งของ
619,ภาพถ่ายของสิ่งของ
1042,ภาพถ่ายของสิ่งของ
272,ภาพถ่ายของสิ่งของ
1612,ภาพถ่ายของสิ่งของ
1870,ภาพถ่ายของสิ่งของ
93,ภาพถ่ายของสิ่งของ
1400,ภาพถ่ายของสิ่งของ
720,ภาพถ่ายของสิ่งของ
1454,ภาพถ่ายของสิ่งของ
604,ภาพถ่ายของสิ่งของ
1314,ภาพถ่ายของสิ่งของ
1681,ภาพถ่ายของสิ่งของ
997,ภาพถ่ายของสิ่งของ
215,ภาพถ่ายของสิ่งของ
1616,ภาพถ่ายของสิ่งของ
1702,ภาพถ่ายของสิ่งของ
1994,ภาพถ่ายของสิ่งของ
627,ภาพถ่ายของสิ่งของ
1660,ภาพถ่ายของสิ่งของ
257,ภาพถ่ายของสิ่งของ
299,ภาพถ่ายของสิ่งของ
400,ภาพถ่ายของสิ่งของ
455,ภาพถ่ายของสิ่งของ
797,ภาพถ่ายของสิ่งของ
1281,ภาพถ่ายของสิ่งของ
1953,ภาพถ่ายของสิ่งของ
427,ภาพถ่ายของสิ่งของ
1961,ภาพถ่ายของสิ่งของ
196,ภาพถ่ายของสิ่งของ
87,ภาพถ่ายของสิ่งของ
1686,ภาพถ่ายของสิ่งของ
127,ภาพถ่ายของสิ่งของ
210,ภาพถ่ายของสิ่งของ
1373,ภาพถ่ายของสิ่งของ
1184,ภาพถ่ายของสิ่งของ
1954,ภาพถ่ายของสิ่งของ
192,ภาพถ่ายของสิ่งของ
379,ภาพถ่ายของสิ่งของ
1611,ภาพถ่ายของสิ่งของ
636,ภาพถ่ายของสิ่งของ
1187,ภาพถ่ายของสิ่งของ
177,ภาพถ่ายของสิ่งของ
532,ภาพถ่ายของสิ่งของ
1369,ภาพถ่ายของสิ่งของ
1910,ภาพถ่ายของสิ่งของ
1700,ภาพถ่ายของสิ่งของ
864,ภาพถ่ายของสิ่งของ
1965,ภาพถ่ายของสิ่งของ
1975,ภาพถ่ายของสิ่งของ
304,ภาพถ่ายของสิ่งของ
402,ภาพถ่ายของสิ่งของ
9,ภาพถ่ายของสิ่งของ
1551,ภาพถ่ายของสิ่งของ
558,ภาพถ่ายของสิ่งของ
1596,ภาพถ่ายของสิ่งของ
707,ภาพถ่ายของสิ่งของ
1754,ภาพถ่ายของสิ่งของ
595,ภาพถ่ายของสิ่งของ
1073,ภาพถ่ายของสิ่งของ
1133,ภาพถ่ายของสิ่งของ
369,ภาพถ่ายของสิ่งของ
1467,ภาพถ่ายของสิ่งของ
179,ภาพถ่ายของสิ่งของ
1024,ภาพถ่ายของสิ่งของ
124,ภาพถ่ายของสิ่งของ
63,ภาพถ่ายของสิ่งของ
609,ภาพถ่ายของสิ่งของ
1463,ภาพถ่ายของสิ่งของ
974,ภาพถ่ายของสิ่งของ
1473,ภาพถ่ายของสิ่งของ
1916,ภาพถ่ายของสิ่งของ
1219,ภาพถ่ายของสิ่งของ
1783,ภาพถ่ายของสิ่งของ
1305,ภาพถ่ายของสิ่งของ
160,ภาพถ่ายของสิ่งของ
1568,ภาพถ่ายของสิ่งของ
709,ภาพถ่ายของสิ่งของ
839,ภาพถ่ายของสิ่งของ
1068,ภาพถ่ายของสิ่งของ
977,ภาพถ่ายของสิ่งของ
250,ภาพถ่ายของสิ่งของ
1883,ภาพถ่ายของสิ่งของ
1083,ภาพถ่ายของสิ่งของ
1788,ภาพถ่ายของสิ่งของ
502,ภาพถ่ายของสิ่งของ
380,ภาพถ่ายของสิ่งของ
357,ภาพถ่ายของสิ่งของ
812,ภาพถ่ายของสิ่งของ
1828,ภาพถ่ายของสิ่งของ
1196,ภาพถ่ายของสิ่งของ
1745,ภาพถ่ายของสิ่งของ
1415,ภาพถ่ายของสิ่งของ
467,ภาพถ่ายของสิ่งของ
1481,ภาพถ่ายของสิ่งของ
1890,ภาพถ่ายของสิ่งของ
1487,ภาพถ่ายของสิ่งของ
48,ภาพถ่ายของสิ่งของ
1528,ภาพถ่ายของสิ่งของ
116,ภาพถ่ายของสิ่งของ
1045,ภาพถ่ายของสิ่งของ
1924,ภาพถ่ายของสิ่งของ
951,ภาพถ่ายของสิ่งของ
836,ภาพถ่ายของสิ่งของ
56,ภาพถ่ายของสิ่งของ
1798,ภาพถ่ายของสิ่งของ
1756,ภาพถ่ายของสิ่งของ
516,ภาพถ่ายของสิ่งของ
1893,ภาพถ่ายของสิ่งของ
263,ภาพถ่ายของสิ่งของ
1442,ภาพถ่ายของสิ่งของ
1997,ภาพถ่ายของสิ่งของ
503,ภาพถ่ายของสิ่งของ
1405,ภาพถ่ายของสิ่งของ
620,ภาพถ่ายของสิ่งของ
1877,ภาพถ่ายของสิ่งของ
850,ภาพถ่ายของสิ่งของ
835,ภาพถ่ายของสิ่งของ
1991,ภาพถ่ายของสิ่งของ
1003,ภาพถ่ายของสิ่งของ
894,ภาพถ่ายของสิ่งของ
392,ภาพถ่ายของสิ่งของ
1423,ภาพถ่ายของสิ่งของ
809,ภาพถ่ายของสิ่งของ
1353,ภาพถ่ายของสิ่งของ
1714,ภาพถ่ายของสิ่งของ
1377,ภาพถ่ายของสิ่งของ
1049,ภาพถ่ายของสิ่งของ
185,ภาพถ่ายของสิ่งของ
979,ภาพถ่ายของสิ่งของ
425,ภาพถ่ายของสิ่งของ
1140,ภาพถ่ายของสิ่งของ
988,ภาพถ่ายของสิ่งของ
1885,ภาพถ่ายของสิ่งของ
1982,ภาพถ่ายของสิ่งของ
1746,ภาพถ่ายของสิ่งของ
1070,ภาพถ่ายของสิ่งของ
449,ภาพถ่ายของสิ่งของ
1845,ภาพถ่ายของสิ่งของ
1549,ภาพถ่ายของสิ่งของ
315,ภาพถ่ายของสิ่งของ
656,ภาพถ่ายของสิ่งของ
1494,ภาพถ่ายของสิ่งของ
1631,ภาพถ่ายของสิ่งของ
134,ภาพถ่ายของสิ่งของ
32,ภาพถ่ายของสิ่งของ
1827,ภาพถ่ายของสิ่งของ
1641,ภาพถ่ายของสิ่งของ
399,ภาพถ่ายของสิ่งของ
340,ภาพถ่ายของสิ่งของ
1287,ภาพถ่ายของสิ่งของ
1999,ภาพถ่ายของสิ่งของ
1186,ภาพถ่ายของสิ่งของ
1334,ภาพถ่ายของสิ่งของ
424,ภาพถ่ายของสิ่งของ
1306,ภาพถ่ายของสิ่งของ
1086,ภาพถ่ายของสิ่งของ
919,ภาพถ่ายของสิ่งของ
471,ภาพถ่ายของสิ่งของ
1501,ภาพถ่ายของสิ่งของ
146,ภาพถ่ายของสิ่งของ
1610,ภาพถ่ายของสิ่งของ
1168,ภาพถ่ายของสิ่งของ
1228,ภาพถ่ายของสิ่งของ
1628,ภาพถ่ายของสิ่งของ
136,ภาพถ่ายของสิ่งของ
738,ภาพถ่ายของสิ่งของ
814,ภาพถ่ายของสิ่งของ
1637,ภาพถ่ายของสิ่งของ
1835,ภาพถ่ายของสิ่งของ
790,ภาพถ่ายของสิ่งของ
761,ภาพถ่ายของสิ่งของ
500,ภาพถ่ายของสิ่งของ
1143,ภาพถ่ายของสิ่งของ
1030,ภาพถ่ายของสิ่งของ
10,ภาพถ่ายของสิ่งของ
1635,ภาพถ่ายของสิ่งของ
783,ภาพถ่ายของสิ่งของ
346,ภาพถ่ายของสิ่งของ
94,ภาพถ่ายของสิ่งของ
1087,ภาพถ่ายของสิ่งของ
1248,ภาพถ่ายของสิ่งของ
770,ภาพถ่ายของสิ่งของ
476,ภาพถ่ายของสิ่งของ
1044,ภาพถ่ายของสิ่งของ
1039,ภาพถ่ายของสิ่งของ
49,ภาพถ่ายของสิ่งของ
1350,ภาพถ่ายของสิ่งของ
1950,ภาพถ่ายของสิ่งของ
1558,ภาพถ่ายของสิ่งของ
1072,ภาพถ่ายของสิ่งของ
1013,ภาพถ่ายของสิ่งของ
1512,ภาพถ่ายของสิ่งของ
568,ภาพถ่ายของสิ่งของ
417,ภาพถ่ายของสิ่งของ
671,ภาพถ่ายของสิ่งของ
1435,ภาพถ่ายของสิ่งของ
251,ภาพถ่ายของสิ่งของ
1478,ภาพถ่ายของสิ่งของ
973,ภาพถ่ายของสิ่งของ
1283,ภาพถ่ายของสิ่งของ
355,ภาพถ่ายของสิ่งของ
519,ภาพถ่ายของสิ่งของ
1759,ภาพถ่ายของสิ่งของ
68,ภาพถ่ายของสิ่งของ
1342,ภาพถ่ายของสิ่งของ
1282,ภาพถ่ายของสิ่งของ
121,ภาพถ่ายของสิ่งของ
1590,ภาพถ่ายของสิ่งของ
1684,ภาพถ่ายของสิ่งของ
1814,ภาพถ่ายของสิ่งของ
1085,ภาพถ่ายของสิ่งของ
1508,ภาพถ่ายของสิ่งของ
983,ภาพถ่ายของสิ่งของ
729,ภาพถ่ายของสิ่งของ
1276,ภาพถ่ายของสิ่งของ
800,ภาพถ่ายของสิ่งของ
1431,ภาพถ่ายของสิ่งของ
913,ภาพถ่ายของสิ่งของ
207,ภาพถ่ายของสิ่งของ
1480,ภาพถ่ายของสิ่งของ
470,ภาพถ่ายของสิ่งของ
1565,ภาพถ่ายของสิ่งของ
1993,ภาพถ่ายของสิ่งของ
1908,ภาพถ่ายของสิ่งของ
1064,ภาพถ่ายของสิ่งของ
1682,ภาพถ่ายของสิ่งของ
736,ภาพถ่ายของสิ่งของ
119,ภาพถ่ายของสิ่งของ
1391,ภาพถ่ายของสิ่งของ
535,ภาพถ่ายของสิ่งของ
1603,ภาพถ่ายของสิ่งของ
1620,ภาพถ่ายของสิ่งของ
1303,ภาพถ่ายของสิ่งของ
414,ภาพถ่ายของสิ่งของ
372,ภาพถ่ายของสิ่งของ
695,ภาพถ่ายของสิ่งของ
1522,ภาพถ่ายของสิ่งของ
293,ภาพถ่ายของสิ่งของ
682,ภาพถ่ายของสิ่งของ
1793,ภาพถ่ายของสิ่งของ
908,ภาพถ่ายของสิ่งของ
667,ภาพถ่ายของสิ่งของ
20,ภาพถ่ายของสิ่งของ
711,ภาพถ่ายของสิ่งของ
1092,ภาพถ่ายของสิ่งของ
320,ภาพถ่ายของสิ่งของ
1385,ภาพถ่ายของสิ่งของ
1792,ภาพถ่ายของสิ่งของ
824,ภาพถ่ายของสิ่งของ
387,ภาพถ่ายของสิ่งของ
1773,ภาพถ่ายของสิ่งของ
926,ภาพถ่ายของสิ่งของ
1160,ภาพถ่ายของสิ่งของ
447,ภาพถ่ายของสิ่งของ
125,ภาพถ่ายของสิ่งของ
1288,ภาพถ่ายของสิ่งของ
50,ภาพถ่ายของสิ่งของ
650,ภาพถ่ายของสิ่งของ
1767,ภาพถ่ายของสิ่งของ
698,ภาพถ่ายของสิ่งของ
935,ภาพถ่ายของสิ่งของ
446,ภาพถ่ายของสิ่งของ
1536,ภาพถ่ายของสิ่งของ
778,ภาพถ่ายของสิ่งของ
1315,ภาพถ่ายของสิ่งของ
224,ภาพถ่ายของสิ่งของ
714,ภาพถ่ายของสิ่งของ
1955,ภาพถ่ายของสิ่งของ
694,ภาพถ่ายของสิ่งของ
1029,ภาพถ่ายของสิ่งของ
903,ภาพถ่ายของสิ่งของ
1270,ภาพถ่ายของสิ่งของ
1823,ภาพถ่ายของสิ่งของ
1451,ภาพถ่ายของสิ่งของ
902,ภาพถ่ายของสิ่งของ
1208,ภาพถ่ายของสิ่งของ
599,ภาพถ่ายของสิ่งของ
1103,ภาพถ่ายของสิ่งของ
226,ภาพถ่ายของสิ่งของ
199,ภาพถ่ายของสิ่งของ
603,ภาพถ่ายของสิ่งของ
967,ภาพถ่ายของสิ่งของ
222,ภาพถ่ายของสิ่งของ
697,ภาพถ่ายของสิ่งของ
235,ภาพถ่ายของสิ่งของ
97,ภาพถ่ายของสิ่งของ
1939,ภาพถ่ายของสิ่งของ
474,ภาพถ่ายของสิ่งของ
487,ภาพถ่ายของสิ่งของ
1368,ภาพถ่ายของสิ่งของ
1447,ภาพถ่ายของสิ่งของ
1505,ภาพถ่ายของสิ่งของ
165,ภาพถ่ายของสิ่งของ
102,ภาพถ่ายของสิ่งของ
213,ภาพถ่ายของสิ่งของ
1552,ภาพถ่ายของสิ่งของ
1531,ภาพถ่ายของสิ่งของ
1409,ภาพถ่ายของสิ่งของ
314,ภาพถ่ายของสิ่งของ
211,ภาพถ่ายของสิ่งของ
805,ภาพถ่ายของสิ่งของ
1969,ภาพถ่ายของสิ่งของ
897,ภาพถ่ายของสิ่งของ
1755,ภาพถ่ายของสิ่งของ
621,ภาพถ่ายของสิ่งของ
1584,ภาพถ่ายของสิ่งของ
1840,ภาพถ่ายของสิ่งของ
1052,ภาพถ่ายของสิ่งของ
1808,ภาพถ่ายของสิ่งของ
855,ภาพถ่ายของสิ่งของ
1062,ภาพถ่ายของสิ่งของ
1120,ภาพถ่ายของสิ่งของ
497,ภาพถ่ายของสิ่งของ
607,ภาพถ่ายของสิ่งของ
1987,ภาพถ่ายของสิ่งของ
1488,ภาพถ่ายของสิ่งของ
1861,ภาพถ่ายของสิ่งของ
504,ภาพถ่ายของสิ่งของ
1461,ภาพถ่ายของสิ่งของ
101,ภาพถ่ายของสิ่งของ
1312,ภาพถ่ายของสิ่งของ
1517,ภาพถ่ายของสิ่งของ
70,ภาพถ่ายของสิ่งของ
525,ภาพถ่ายของสิ่งของ
1915,ภาพถ่ายของสิ่งของ
463,ภาพถ่ายของสิ่งของ
1683,ภาพถ่ายของสิ่งของ
795,ภาพถ่ายของสิ่งของ
675,ภาพถ่ายของสิ่งของ
909,ภาพถ่ายของสิ่งของ
1127,ภาพถ่ายของสิ่งของ
1034,ภาพถ่ายของสิ่งของ
237,ภาพถ่ายของสิ่งของ
1470,ภาพถ่ายของสิ่งของ
83,ภาพถ่ายของสิ่งของ
776,ภาพถ่ายของสิ่งของ
312,ภาพถ่ายของสิ่งของ
342,ภาพถ่ายของสิ่งของ
719,ภาพถ่ายของสิ่งของ
1230,ภาพถ่ายของสิ่งของ
198,ภาพถ่ายของสิ่งของ
1357,ภาพถ่ายของสิ่งของ
433,ภาพถ่ายของสิ่งของ
1382,ภาพถ่ายของสิ่งของ
209,ภาพถ่ายของสิ่งของ
1886,ภาพถ่ายของสิ่งของ
1053,ภาพถ่ายของสิ่งของ
253,ภาพถ่ายของสิ่งของ
1711,ภาพถ่ายของสิ่งของ
163,ภาพถ่ายของสิ่งของ
1871,ภาพถ่ายของสิ่งของ
174,ภาพถ่ายของสิ่งของ
1548,ภาพถ่ายของสิ่งของ
268,ภาพถ่ายของสิ่งของ
1148,ภาพถ่ายของสิ่งของ
1990,ภาพถ่ายของสิ่งของ
1489,ภาพถ่ายของสิ่งของ
1079,ภาพถ่ายของสิ่งของ
958,ภาพถ่ายของสิ่งของ
1139,ภาพถ่ายของสิ่งของ
151,ภาพถ่ายของสิ่งของ
1653,ภาพถ่ายของสิ่งของ
1118,ภาพถ่ายของสิ่งของ
1938,ภาพถ่ายของสิ่งของ
1076,ภาพถ่ายของสิ่งของ
892,ภาพถ่ายของสิ่งของ
1137,ภาพถ่ายของสิ่งของ
77,ภาพถ่ายของสิ่งของ
279,ภาพถ่ายของสิ่งของ
454,ภาพถ่ายของสิ่งของ
1656,ภาพถ่ายของสิ่งของ
1000,ภาพถ่ายของสิ่งของ
1017,ภาพถ่ายของสิ่งของ
1866,ภาพถ่ายของสิ่งของ
1539,ภาพถ่ายของสิ่งของ
1074,ภาพถ่ายของสิ่งของ
1819,ภาพถ่ายของสิ่งของ
1966,ภาพถ่ายของสิ่งของ
569,ภาพถ่ายของสิ่งของ
1502,ภาพถ่ายของสิ่งของ
1940,ภาพถ่ายของสิ่งของ
1818,ภาพถ่ายของสิ่งของ
347,ภาพถ่ายของสิ่งของ
1358,ภาพถ่ายของสิ่งของ
231,ภาพถ่ายของสิ่งของ
238,ภาพถ่ายของสิ่งของ
1698,ภาพถ่ายของสิ่งของ
1832,ภาพถ่ายของสิ่งของ
1142,ภาพถ่ายของสิ่งของ
1743,ภาพถ่ายของสิ่งของ
1395,ภาพถ่ายของสิ่งของ
1424,ภาพถ่ายของสิ่งของ
608,ภาพถ่ายของสิ่งของ
1905,ภาพถ่ายของสิ่งของ
1346,ภาพถ่ายของสิ่งของ
1582,ภาพถ่ายของสิ่งของ
1392,ภาพถ่ายของสิ่งของ
1708,ภาพถ่ายของสิ่งของ
23,ภาพถ่ายของสิ่งของ
82,ภาพถ่ายของสิ่งของ
980,ภาพถ่ายของสิ่งของ
302,ภาพถ่ายของสิ่งของ
844,ภาพถ่ายของสิ่งของ
438,ภาพถ่ายของสิ่งของ
1122,ภาพถ่ายของสิ่งของ
1119,ภาพถ่ายของสิ่งของ
1913,ภาพถ่ายของสิ่งของ
1465,ภาพถ่ายของสิ่งของ
133,ภาพถ่ายของสิ่งของ
596,ภาพถ่ายของสิ่งของ
1929,ภาพถ่ายของสิ่งของ
144,ภาพถ่ายของสิ่งของ
879,ภาพถ่ายของสิ่งของ
546,ภาพถ่ายของสิ่งของ
1777,ภาพถ่ายของสิ่งของ
1647,ภาพถ่ายของสิ่งของ
72,ภาพถ่ายของสิ่งของ
1280,ภาพถ่ายของสิ่งของ
1128,ภาพถ่ายของสิ่งของ
154,ภาพถ่ายของสิ่งของ
382,ภาพถ่ายของสิ่งของ
1776,ภาพถ่ายของสิ่งของ
1639,ภาพถ่ายของสิ่งของ
930,ภาพถ่ายของสิ่งของ
255,ภาพถ่ายของสิ่งของ
44,ภาพถ่ายของสิ่งของ
751,ภาพถ่ายของสิ่งของ
59,ภาพถ่ายของสิ่งของ
637,ภาพถ่ายของสิ่งของ
364,ภาพถ่ายของสิ่งของ
1152,ภาพถ่ายของสิ่งของ
404,ภาพถ่ายของสิ่งของ
430,ภาพถ่ายของสิ่งของ
412,ภาพถ่ายของสิ่งของ
1785,ภาพถ่ายของสิ่งของ
316,ภาพถ่ายของสิ่งของ
1054,ภาพถ่ายของสิ่งของ
1084,ภาพถ่ายของสิ่งของ
69,ภาพถ่ายของสิ่งของ
1666,ภาพถ่ายของสิ่งของ
1657,ภาพถ่ายของสิ่งของ
822,ภาพถ่ายของสิ่งของ
920,ภาพถ่ายของสิ่งของ
1921,ภาพถ่ายของสิ่งของ
1557,ภาพถ่ายของสิ่งของ
725,ภาพถ่ายของสิ่งของ
366,ภาพถ่ายของสิ่งของ
280,ภาพถ่ายของสิ่งของ
324,ภาพถ่ายของสิ่งของ
1130,ภาพถ่ายของสิ่งของ
991,ภาพถ่ายของสิ่งของ
700,ภาพถ่ายของสิ่งของ
153,ภาพถ่ายของสิ่งของ
84,ภาพถ่ายของสิ่งของ
1173,ภาพถ่ายของสิ่งของ
773,ภาพถ่ายของสิ่งของ
1931,ภาพถ่ายของสิ่งของ
1284,ภาพถ่ายของสิ่งของ
1075,ภาพถ่ายของสิ่งของ
1364,ภาพถ่ายของสิ่งของ
726,ภาพถ่ายของสิ่งของ
749,ภาพถ่ายของสิ่งของ
1304,ภาพถ่ายของสิ่งของ
742,ภาพถ่ายของสิ่งของ
1659,ภาพถ่ายของสิ่งของ
665,ภาพถ่ายของสิ่งของ
1311,ภาพถ่ายของสิ่งของ
582,ภาพถ่ายของสิ่งของ
673,ภาพถ่ายของสิ่งของ
545,ภาพถ่ายของสิ่งของ
1547,ภาพถ่ายของสิ่งของ
0,ภาพถ่ายของสิ่งของ
574,ภาพถ่ายของสิ่งของ
847,ภาพถ่ายของสิ่งของ
240,ภาพถ่ายของสิ่งของ
731,ภาพถ่ายของสิ่งของ
1105,ภาพถ่ายของสิ่งของ
1995,ภาพถ่ายของสิ่งของ
1211,ภาพถ่ายของสิ่งของ
1564,ภาพถ่ายของสิ่งของ
1704,ภาพถ่ายของสิ่งของ
1493,ภาพถ่ายของสิ่งของ
1190,ภาพถ่ายของสิ่งของ
1432,ภาพถ่ายของสิ่งของ
716,ภาพถ่ายของสิ่งของ
789,ภาพถ่ายของสิ่งของ
1332,ภาพถ่ายของสิ่งของ
298,ภาพถ่ายของสิ่งของ
1293,ภาพถ่ายของสิ่งของ
1213,ภาพถ่ายของสิ่งของ
1829,ภาพถ่ายของสิ่งของ
1163,ภาพถ่ายของสิ่งของ
1697,ภาพถ่ายของสิ่งของ
491,ภาพถ่ายของสิ่งของ
1914,ภาพถ่ายของสิ่งของ
664,ภาพถ่ายของสิ่งของ
1462,ภาพถ่ายของสิ่งของ
338,ภาพถ่ายของสิ่งของ
1623,ภาพถ่ายของสิ่งของ
1006,ภาพถ่ายของสิ่งของ
214,ภาพถ่ายของสิ่งของ
1848,ภาพถ่ายของสิ่งของ
1138,ภาพถ่ายของสิ่งของ
1321,ภาพถ่ายของสิ่งของ
24,ภาพถ่ายของสิ่งของ
1642,ภาพถ่ายของสิ่งของ
1906,ภาพถ่ายของสิ่งของ
1351,ภาพถ่ายของสิ่งของ
485,ภาพถ่ายของสิ่งของ
1407,ภาพถ่ายของสิ่งของ
757,ภาพถ่ายของสิ่งของ
1775,ภาพถ่ายของสิ่งของ
1710,ภาพถ่ายของสิ่งของ
6,ภาพถ่ายของสิ่งของ
943,ภาพถ่ายของสิ่งของ
1378,ภาพถ่ายของสิ่งของ
496,ภาพถ่ายของสิ่งของ
288,ภาพถ่ายของสิ่งของ
1239,ภาพถ่ายของสิ่งของ
1387,ภาพถ่ายของสิ่งของ
1749,ภาพถ่ายของสิ่งของ
906,ภาพถ่ายของสิ่งของ
875,ภาพถ่ายของสิ่งของ
375,ภาพถ่ายของสิ่งของ
1739,ภาพถ่ายของสิ่งของ
478,ภาพถ่ายของสิ่งของ
98,ภาพถ่ายของสิ่งของ
1713,ภาพถ่ายของสิ่งของ
870,ภาพถ่ายของสิ่งของ
1014,ภาพถ่ายของสิ่งของ
1043,ภาพถ่ายของสิ่งของ
297,ภาพถ่ายของสิ่งของ
1131,ภาพถ่ายของสิ่งของ
40,ภาพถ่ายของสิ่งของ
1679,ภาพถ่ายของสิ่งของ
1149,ภาพถ่ายของสิ่งของ
743,ภาพถ่ายของสิ่งของ
1390,ภาพถ่ายของสิ่งของ
1001,ภาพถ่ายของสิ่งของ
360,ภาพถ่ายของสิ่งของ
1850,ภาพถ่ายของสิ่งของ
1515,ภาพถ่ายของสิ่งของ
445,ภาพถ่ายของสิ่งของ
555,ภาพถ่ายของสิ่งของ
1535,ภาพถ่ายของสิ่งของ
436,ภาพถ่ายของสิ่งของ
787,ภาพถ่ายของสิ่งของ
429,ภาพถ่ายของสิ่งของ
1762,ภาพถ่ายของสิ่งของ
1018,ภาพถ่ายของสิ่งของ
710,ภาพถ่ายของสิ่งของ
645,ภาพถ่ายของสิ่งของ
245,ภาพถ่ายของสิ่งของ
1016,ภาพถ่ายของสิ่งของ
1865,ภาพถ่ายของสิ่งของ
1674,ภาพถ่ายของสิ่งของ
939,ภาพถ่ายของสิ่งของ
706,ภาพถ่ายของสิ่งของ
390,ภาพถ่ายของสิ่งของ
139,ภาพถ่ายของสิ่งของ
1095,ภาพถ่ายของสิ่งของ
1805,ภาพถ่ายของสิ่งของ
1801,ภาพถ่ายของสิ่งของ
169,ภาพถ่ายของสิ่งของ
654,ภาพถ่ายของสิ่งของ
145,ภาพถ่ายของสิ่งของ
1981,ภาพถ่ายของสิ่งของ
378,ภาพถ่ายของสิ่งของ
746,ภาพถ่ายของสิ่งของ
1226,ภาพถ่ายของสิ่งของ
1868,ภาพถ่ายของสิ่งของ
1360,ภาพถ่ายของสิ่งของ
1594,ภาพถ่ายของสิ่งของ
982,ภาพถ่ายของสิ่งของ
150,ภาพถ่ายของสิ่งของ
1414,ภาพถ่ายของสิ่งของ
1491,ภาพถ่ายของสิ่งของ
775,ภาพถ่ายของสิ่งของ
593,ภาพถ่ายของสิ่งของ
1662,ภาพถ่ายของสิ่งของ
434,ภาพถ่ายของสิ่งของ
624,ภาพถ่ายของสิ่งของ
352,ภาพถ่ายของสิ่งของ
717,ภาพถ่ายของสิ่งของ
1593,ภาพถ่ายของสิ่งของ
1724,ภาพถ่ายของสิ่งของ
730,ภาพถ่ายของสิ่งของ
1192,ภาพถ่ายของสิ่งของ
1742,ภาพถ่ายของสิ่งของ
1752,ภาพถ่ายของสิ่งของ
1449,ภาพถ่ายของสิ่งของ
1526,ภาพถ่ายของสิ่งของ
841,ภาพถ่ายของสิ่งของ
1962,ภาพถ่ายของสิ่งของ
1426,ภาพถ่ายของสิ่งของ
1830,ภาพถ่ายของสิ่งของ
534,ภาพถ่ายของสิ่งของ
1988,ภาพถ่ายของสิ่งของ
1712,ภาพถ่ายของสิ่งของ
1236,ภาพถ่ายของสิ่งของ
1774,ภาพถ่ายของสิ่งของ
1617,ภาพถ่ายของสิ่งของ
1336,ภาพถ่ายของสิ่งของ
1732,ภาพถ่ายของสิ่งของ
1524,ภาพถ่ายของสิ่งของ
653,ภาพถ่ายของสิ่งของ
437,ภาพถ่ายของสิ่งของ
323,ภาพถ่ายของสิ่งของ
648,ภาพถ่ายของสิ่งของ
1032,ภาพถ่ายของสิ่งของ
1097,ภาพถ่ายของสิ่งของ
663,ภาพถ่ายของสิ่งของ
271,ภาพถ่ายของสิ่งของ
880,ภาพถ่ายของสิ่งของ
1622,ภาพถ่ายของสิ่งของ
583,ภาพถ่ายของสิ่งของ
1106,ภาพถ่ายของสิ่งของ
1082,ภาพถ่ายของสิ่งของ
1738,ภาพถ่ายของสิ่งของ
1753,ภาพถ่ายของสิ่งของ
1231,ภาพถ่ายของสิ่งของ
1129,ภาพถ่ายของสิ่งของ
1932,ภาพถ่ายของสิ่งของ
1428,ภาพถ่ายของสิ่งของ
1370,ภาพถ่ายของสิ่งของ
940,ภาพถ่ายของสิ่งของ
1673,ภาพถ่ายของสิ่งของ
1784,ภาพถ่ายของสิ่งของ
1459,ภาพถ่ายของสิ่งของ
1816,ภาพถ่ายของสิ่งของ
1434,ภาพถ่ายของสิ่งของ
975,ภาพถ่ายของสิ่งของ
1027,ภาพถ่ายของสิ่งของ
780,ภาพถ่ายของสิ่งของ
680,ภาพถ่ายของสิ่งของ
1597,ภาพถ่ายของสิ่งของ
1233,ภาพถ่ายของสิ่งของ
931,ภาพถ่ายของสิ่งของ
745,ภาพถ่ายของสิ่งของ
1458,ภาพถ่ายของสิ่งของ
1613,ภาพถ่ายของสิ่งของ
1761,ภาพถ่ายของสิ่งของ
1553,ภาพถ่ายของสิ่งของ
1894,ภาพถ่ายของสิ่งของ
896,ภาพถ่ายของสิ่งของ
1500,ภาพถ่ายของสิ่งของ
547,ภาพถ่ายของสิ่งของ
1497,ภาพถ่ายของสิ่งของ
781,ภาพถ่ายของสิ่งของ
750,ภาพถ่ายของสิ่งของ
1527,ภาพถ่ายของสิ่งของ
333,ภาพถ่ายของสิ่งของ
1946,ภาพถ่ายของสิ่งของ
1007,ภาพถ่ายของสิ่งของ
1444,ภาพถ่ายของสิ่งของ
489,ภาพถ่ายของสิ่งของ
889,ภาพถ่ายของสิ่งของ
1060,ภาพถ่ายของสิ่งของ
499,ภาพถ่ายของสิ่งของ
840,ภาพถ่ายของสิ่งของ
1322,ภาพถ่ายของสิ่งของ
1572,ภาพถ่ายของสิ่งของ
453,ภาพถ่ายของสิ่งของ
330,ภาพถ่ายของสิ่งของ
1116,ภาพถ่ายของสิ่งของ
937,ภาพถ่ายของสิ่งของ
58,ภาพถ่ายของสิ่งของ
815,ภาพถ่ายของสิ่งของ
90,ภาพถ่ายของสิ่งของ
616,ภาพถ่ายของสิ่งของ
459,ภาพถ่ายของสิ่งของ
551,ภาพถ่ายของสิ่งของ
1115,ภาพถ่ายของสิ่งของ
963,ภาพถ่ายของสิ่งของ
1294,ภาพถ่ายของสิ่งของ
874,ภาพถ่ายของสิ่งของ
191,ภาพถ่ายของสิ่งของ
1218,ภาพถ่ายของสิ่งของ
686,ภาพถ่ายของสิ่งของ
17,ภาพถ่ายของสิ่งของ
295,ภาพถ่ายของสิ่งของ
1484,ภาพถ่ายของสิ่งของ
1546,ภาพถ่ายของสิ่งของ
701,ภาพถ่ายของสิ่งของ
1418,ภาพถ่ายของสิ่งของ
882,ภาพถ่ายของสิ่งของ
1892,ภาพถ่ายของสิ่งของ
1217,ภาพถ่ายของสิ่งของ
1398,ภาพถ่ายของสิ่งของ
1968,ภาพถ่ายของสิ่งของ
326,ภาพถ่ายของสิ่งของ
869,ภาพถ่ายของสิ่งของ
254,ภาพถ่ายของสิ่งของ
1094,ภาพถ่ายของสิ่งของ
683,ภาพถ่ายของสิ่งของ
1618,ภาพถ่ายของสิ่งของ
910,ภาพถ่ายของสิ่งของ
813,ภาพถ่ายของสิ่งของ
1541,ภาพถ่ายของสิ่งของ
1393,ภาพถ่ายของสิ่งของ
1930,ภาพถ่ายของสิ่งของ
662,ภาพถ่ายของสิ่งของ
985,ภาพถ่ายของสิ่งของ
826,ภาพถ่ายของสิ่งของ
1691,ภาพถ่ายของสิ่งของ
261,ภาพถ่ายของสิ่งของ
259,ภาพถ่ายของสิ่งของ
1136,ภาพถ่ายของสิ่งของ
1212,ภาพถ่ายของสิ่งของ
597,ภาพถ่ายของสิ่งของ
1273,ภาพถ่ายของสิ่งของ
274,ภาพถ่ายของสิ่งของ
881,ภาพถ่ายของสิ่งของ
286,ภาพถ่ายของสิ่งของ
1615,ภาพถ่ายของสิ่งของ
1907,ภาพถ่ายของสิ่งของ
1403,ภาพถ่ายของสิ่งของ
942,ภาพถ่ายของสิ่งของ
1319,ภาพถ่ายของสิ่งของ
1846,ภาพถ่ายของสิ่งของ
1156,ภาพถ่ายของสิ่งของ
483,ภาพถ่ายของสิ่งของ
1183,ภาพถ่ายของสิ่งของ
1559,ภาพถ่ายของสิ่งของ
1855,ภาพถ่ายของสิ่งของ
1182,ภาพถ่ายของสิ่งของ
577,ภาพถ่ายของสิ่งของ
448,ภาพถ่ายของสิ่งของ
123,ภาพถ่ายของสิ่งของ
784,ภาพถ่ายของสิ่งของ
1124,ภาพถ่ายของสิ่งของ
548,ภาพถ่ายของสิ่งของ
1215,ภาพถ่ายของสิ่งของ
669,ภาพถ่ายของสิ่งของ
276,ภาพถ่ายของสิ่งของ
1206,ภาพถ่ายของสิ่งของ
1340,ภาพถ่ายของสิ่งของ
1181,ภาพถ่ายของสิ่งของ
612,ภาพถ่ายของสิ่งของ
99,ภาพถ่ายของสิ่งของ
1037,ภาพถ่ายของสิ่งของ
990,ภาพถ่ายของสิ่งของ
1399,ภาพถ่ายของสิ่งของ
614,ภาพถ่ายของสิ่งของ
409,ภาพถ่ายของสิ่งของ
1410,ภาพถ่ายของสิ่งของ
1899,ภาพถ่ายของสิ่งของ
335,ภาพถ่ายของสิ่งของ
652,ภาพถ่ายของสิ่งของ
155,ภาพถ่ายของสิ่งของ
398,ภาพถ่ายของสิ่งของ
345,ภาพถ่ายของสิ่งของ
733,ภาพถ่ายของสิ่งของ
1733,ภาพถ่ายของสิ่งของ
993,ภาพถ่ายของสิ่งของ
949,ภาพถ่ายของสิ่งของ
1416,ภาพถ่ายของสิ่งของ
1649,ภาพถ่ายของสิ่งของ
732,ภาพถ่ายของสิ่งของ
495,ภาพถ่ายของสิ่งของ
900,ภาพถ่ายของสิ่งของ
1464,ภาพถ่ายของสิ่งของ
895,ภาพถ่ายของสิ่งของ
1474,ภาพถ่ายของสิ่งของ
1279,ภาพถ่ายของสิ่งของ
1088,ภาพถ่ายของสิ่งของ
31,ภาพถ่ายของสิ่งของ
1554,ภาพถ่ายของสิ่งของ
1496,ภาพถ่ายของสิ่งของ
442,ภาพถ่ายของสิ่งของ
1736,ภาพถ่ายของสิ่งของ
1573,ภาพถ่ายของสิ่งของ
1033,ภาพถ่ายของสิ่งของ
322,ภาพถ่ายของสิ่งของ
660,ภาพถ่ายของสิ่งของ
1606,ภาพถ่ายของสิ่งของ
4,ภาพถ่ายของสิ่งของ
553,ภาพถ่ายของสิ่งของ
1727,ภาพถ่ายของสิ่งของ
538,ภาพถ่ายของสิ่งของ
173,ภาพถ่ายของสิ่งของ
120,ภาพถ่ายของสิ่งของ
626,ภาพถ่ายของสิ่งของ
804,ภาพถ่ายของสิ่งของ
670,ภาพถ่ายของสิ่งของ
1441,ภาพถ่ายของสิ่งของ
1786,ภาพถ่ายของสิ่งของ
1602,ภาพถ่ายของสิ่งของ
923,ภาพถ่ายของสิ่งของ
1210,ภาพถ่ายของสิ่งของ
883,ภาพถ่ายของสิ่งของ
688,ภาพถ่ายของสิ่งของ
1274,ภาพถ่ายของสิ่งของ
405,ภาพถ่ายของสิ่งของ
1048,ภาพถ่ายของสิ่งของ
1299,ภาพถ่ายของสิ่งของ
1882,ภาพถ่ายของสิ่งของ
740,ภาพถ่ายของสิ่งของ
1324,ภาพถ่ายของสิ่งของ
972,ภาพถ่ายของสิ่งของ
356,ภาพถ่ายของสิ่งของ
1167,ภาพถ่ายของสิ่งของ
450,ภาพถ่ายของสิ่งของ
918,ภาพถ่ายของสิ่งของ
1450,ภาพถ่ายของสิ่งของ
1023,ภาพถ่ายของสิ่งของ
319,ภาพถ่ายของสิ่งของ
756,ภาพถ่ายของสิ่งของ
1172,ภาพถ่ายของสิ่งของ
1544,ภาพถ่ายของสิ่งของ
1379,ภาพถ่ายของสิ่งของ
1658,ภาพถ่ายของสิ่งของ
587,ภาพถ่ายของสิ่งของ
1813,ภาพถ่ายของสิ่งของ
1227,ภาพถ่ายของสิ่งของ
1737,ภาพถ่ายของสิ่งของ
290,ภาพถ่ายของสิ่งของ
1625,ภาพถ่ายของสิ่งของ
249,ภาพถ่ายของสิ่งของ
517,ภาพถ่ายของสิ่งของ
1365,ภาพถ่ายของสิ่งของ
601,ภาพถ่ายของสิ่งของ
1093,ภาพถ่ายของสิ่งของ
114,ภาพถ่ายของสิ่งของ
52,ภาพถ่ายของสิ่งของ
912,ภาพถ่ายของสิ่งของ
66,ภาพถ่ายของสิ่งของ
1980,ภาพถ่ายของสิ่งของ
167,ภาพถ่ายของสิ่งของ
1879,ภาพถ่ายของสิ่งของ
941,ภาพถ่ายของสิ่งของ
1857,ภาพถ่ายของสิ่งของ
1692,ภาพถ่ายของสิ่งของ
331,ภาพถ่ายของสิ่งของ
615,ภาพถ่ายของสิ่งของ
625,ภาพถ่ายของสิ่งของ
690,ภาพถ่ายของสิ่งของ
529,ภาพถ่ายของสิ่งของ
753,ภาพถ่ายของสิ่งของ
371,ภาพถ่ายของสิ่งของ
8,ภาพถ่ายของสิ่งของ
216,ภาพถ่ายของสิ่งของ
1198,ภาพถ่ายของสิ่งของ
689,ภาพถ่ายของสิ่งของ
630,ภาพถ่ายของสิ่งของ
1986,ภาพถ่ายของสิ่งของ
130,ภาพถ่ายของสิ่งของ
486,ภาพถ่ายของสิ่งของ
1174,ภาพถ่ายของสิ่งของ
1504,ภาพถ่ายของสิ่งของ
1627,ภาพถ่ายของสิ่งของ
441,ภาพถ่ายของสิ่งของ
765,ภาพถ่ายของสิ่งของ
592,ภาพถ่ายของสิ่งของ
1021,ภาพถ่ายของสิ่งของ
183,ภาพถ่ายของสิ่งของ
1796,ภาพถ่ายของสิ่งของ
1566,ภาพถ่ายของสิ่งของ
267,ภาพถ่ายของสิ่งของ
859,ภาพถ่ายของสิ่งของ
907,ภาพถ่ายของสิ่งของ
1874,ภาพถ่ายของสิ่งของ
444,ภาพถ่ายของสิ่งของ
1362,ภาพถ่ายของสิ่งของ
851,ภาพถ่ายของสิ่งของ
1286,ภาพถ่ายของสิ่งของ
225,ภาพถ่ายของสิ่งของ
232,ภาพถ่ายของสิ่งของ
989,ภาพถ่ายของสิ่งของ
426,ภาพถ่ายของสิ่งของ
1543,ภาพถ่ายของสิ่งของ
922,ภาพถ่ายของสิ่งของ
723,ภาพถ่ายของสิ่งของ
64,ภาพถ่ายของสิ่งของ
651,ภาพถ่ายของสิ่งของ
1967,ภาพถ่ายของสิ่งของ
239,ภาพถ่ายของสิ่งของ
1922,ภาพถ่ายของสิ่งของ
590,ภาพถ่ายของสิ่งของ
1412,ภาพถ่ายของสิ่งของ
350,ภาพถ่ายของสิ่งของ
317,ภาพถ่ายของสิ่งของ
1873,ภาพถ่ายของสิ่งของ
622,ภาพถ่ายของสิ่งของ
1826,ภาพถ่ายของสิ่งของ
422,ภาพถ่ายของสิ่งของ
1853,ภาพถ่ายของสิ่งของ
1427,ภาพถ่ายของสิ่งของ
1177,ภาพถ่ายของสิ่งของ
1748,ภาพถ่ายของสิ่งของ
1789,ภาพถ่ายของสิ่งของ
849,ภาพถ่ายของสิ่งของ
3,ภาพถ่ายของสิ่งของ
820,ภาพถ่ายของสิ่งของ
1864,ภาพถ่ายของสิ่งของ
1104,ภาพถ่ายของสิ่งของ
1947,ภาพถ่ายของสิ่งของ
1298,ภาพถ่ายของสิ่งของ
1926,ภาพถ่ายของสิ่งของ
774,ภาพถ่ายของสิ่งของ
407,ภาพถ่ายของสิ่งของ
915,ภาพถ่ายของสิ่งของ
962,ภาพถ่ายของสิ่งของ
1438,ภาพถ่ายของสิ่งของ
1404,ภาพถ่ายของสิ่งของ
914,ภาพถ่ายของสิ่งของ
1479,ภาพถ่ายของสิ่งของ
1685,ภาพถ่ายของสิ่งของ
1063,ภาพถ่ายของสิ่งของ
1951,ภาพถ่ายของสิ่งของ
460,ภาพถ่ายของสิ่งของ
685,ภาพถ่ายของสิ่งของ
143,ภาพถ่ายของสิ่งของ
300,ภาพถ่ายของสิ่งของ
12,ภาพถ่ายของสิ่งของ
811,ภาพถ่ายของสิ่งของ
262,ภาพถ่ายของสิ่งของ
95,ภาพถ่ายของสิ่งของ
1269,ภาพถ่ายของสิ่งของ
524,ภาพถ่ายของสิ่งของ
861,ภาพถ่ายของสิ่งของ
1394,ภาพถ่ายของสิ่งของ
1271,ภาพถ่ายของสิ่งของ
42,ภาพถ่ายของสิ่งของ
641,ภาพถ่ายของสิ่งของ
457,ภาพถ่ายของสิ่งของ
511,ภาพถ่ายของสิ่งของ
1203,ภาพถ่ายของสิ่งของ
85,ภาพถ่ายของสิ่งของ
1769,ภาพถ่ายของสิ่งของ
1979,ภาพถ่ายของสิ่งของ
1341,ภาพถ่ายของสิ่งของ
334,ภาพถ่ายของสิ่งของ
1959,ภาพถ่ายของสิ่งของ
43,ภาพถ่ายของสิ่งของ
1245,ภาพถ่ายของสิ่งของ
1670,ภาพถ่ายของสิ่งของ
313,ภาพถ่ายของสิ่งของ
1900,ภาพถ่ายของสิ่งของ
354,ภาพถ่ายของสิ่งของ
461,ภาพถ่ายของสิ่งของ
584,ภาพถ่ายของสิ่งของ
998,ภาพถ่ายของสิ่งของ
1952,ภาพถ่ายของสิ่งของ
684,ภาพถ่ายของสิ่งของ
1837,ภาพถ่ายของสิ่งของ
396,ภาพถ่ายของสิ่งของ
397,ภาพถ่ายของสิ่งของ
391,ภาพถ่ายของสิ่งของ
67,ภาพถ่ายของสิ่งของ
1876,ภาพถ่ายของสิ่งของ
351,ภาพถ่ายของสิ่งของ
1941,ภาพถ่ายของสิ่งของ
1588,ภาพถ่ายของสิ่งของ
960,ภาพถ่ายของสิ่งของ
1110,ภาพถ่ายของสิ่งของ
1158,ภาพถ่ายของสิ่งของ
646,ภาพถ่ายของสิ่งของ
1380,ภาพถ่ายของสิ่งของ
1114,ภาพถ่ายของสิ่งของ
1875,ภาพถ่ายของสิ่งของ
1296,ภาพถ่ายของสิ่งของ
1055,ภาพถ่ายของสิ่งของ
1019,ภาพถ่ายของสิ่งของ
1822,ภาพถ่ายของสิ่งของ
1355,ภาพถ่ายของสิ่งของ
1958,ภาพถ่ายของสิ่งของ
1356,ภาพถ่ายของสิ่งของ
266,ภาพถ่ายของสิ่งของ
332,ภาพถ่ายของสิ่งของ
1694,ภาพถ่ายของสิ่งของ
142,ภาพถ่ายของสิ่งของ
61,ภาพถ่ายของสิ่งของ
65,ภาพถ่ายของสิ่งของ
368,ภาพถ่ายของสิ่งของ
337,ภาพถ่ายของสิ่งของ
46,ภาพถ่ายของสิ่งของ
270,ภาพถ่ายของสิ่งของ
1327,ภาพถ่ายของสิ่งของ
712,ภาพถ่ายของสิ่งของ
1040,ภาพถ่ายของสิ่งของ
563,ภาพถ่ายของสิ่งของ
1560,ภาพถ่ายของสิ่งของ
764,ภาพถ่ายของสิ่งของ
520,ภาพถ่ายของสิ่งของ
759,ภาพถ่ายของสิ่งของ
523,ภาพถ่ายของสิ่งของ
1135,ภาพถ่ายของสิ่งของ
243,ภาพถ่ายของสิ่งของ
1957,ภาพถ่ายของสิ่งของ
924,ภาพถ่ายของสิ่งของ
887,ภาพถ่ายของสิ่งของ
544,ภาพถ่ายของสิ่งของ
1220,ภาพถ่ายของสิ่งของ
571,ภาพถ่ายของสิ่งของ
705,ภาพถ่ายของสิ่งของ
1101,ภาพถ่ายของสิ่งของ
552,ภาพถ่ายของสิ่งของ
108,ภาพถ่ายของสิ่งของ
642,ภาพถ่ายของสิ่งของ
1770,ภาพถ่ายของสิ่งของ
536,ภาพถ่ายของสิ่งของ
477,ภาพถ่ายของสิ่งของ
1422,ภาพถ่ายของสิ่งของ
1041,ภาพถ่ายของสิ่งของ
244,ภาพถ่ายของสิ่งของ
1705,ภาพถ่ายของสิ่งของ
164,ภาพถ่ายของสิ่งของ
1255,ภาพถ่ายของสิ่งของ
713,ภาพถ่ายของสิ่งของ
283,ภาพถ่ายของสิ่งของ
1896,ภาพถ่ายของสิ่งของ
80,ภาพถ่ายของสิ่งของ
456,ภาพถ่ายของสิ่งของ
452,ภาพถ่ายของสิ่งของ
1291,ภาพถ่ายของสิ่งของ
576,ภาพถ่ายของสิ่งของ
464,ภาพถ่ายของสิ่งของ
181,ภาพถ่ายของสิ่งของ
1289,ภาพถ่ายของสิ่งของ
1125,ภาพถ่ายของสิ่งของ
481,ภาพถ่ายของสิ่งของ
1189,ภาพถ่ายของสิ่งของ
1716,ภาพถ่ายของสิ่งของ
727,ภาพถ่ายของสิ่งของ
498,ภาพถ่ายของสิ่งของ
878,ภาพถ่ายของสิ่งของ
1944,ภาพถ่ายของสิ่งของ
306,ภาพถ่ายของสิ่งของ
1178,ภาพถ่ายของสิ่งของ
1668,ภาพถ่ายของสิ่งของ
1237,ภาพถ่ายของสิ่งของ
166,ภาพถ่ายของสิ่งของ
1301,ภาพถ่ายของสิ่งของ
1483,ภาพถ่ายของสิ่งของ
788,ภาพถ่ายของสิ่งของ
1781,ภาพถ่ายของสิ่งของ
1643,ภาพถ่ายของสิ่งของ
1747,ภาพถ่ายของสิ่งของ
769,ภาพถ่ายของสิ่งของ
1903,ภาพถ่ายของสิ่งของ
1011,ภาพถ่ายของสิ่งของ
1258,ภาพถ่ายของสิ่งของ
1113,ภาพถ่ายของสิ่งของ
876,ภาพถ่ายของสิ่งของ
1592,ภาพถ่ายของสิ่งของ
1687,ภาพถ่ายของสิ่งของ
1430,ภาพถ่ายของสิ่งของ
221,ภาพถ่ายของสิ่งของ
1530,ภาพถ่ายของสิ่งของ
674,ภาพถ่ายของสิ่งของ
1532,ภาพถ่ายของสิ่งของ
1067,ภาพถ่ายของสิ่งของ
1984,ภาพถ่ายของสิ่งของ
1895,ภาพถ่ายของสิ่งของ
1630,ภาพถ่ายของสิ่งของ
1600,ภาพถ่ายของสิ่งของ
1578,ภาพถ่ายของสิ่งของ
1047,ภาพถ่ายของสิ่งของ
678,ภาพถ่ายของสิ่งของ
1375,ภาพถ่ายของสิ่งของ
572,ภาพถ่ายของสิ่งของ
676,ภาพถ่ายของสิ่งของ
1758,ภาพถ่ายของสิ่งของ
106,ภาพถ่ายของสิ่งของ
655,ภาพถ่ายของสิ่งของ
308,ภาพถ่ายของสิ่งของ
816,ภาพถ่ายของสิ่งของ
1901,ภาพถ่ายของสิ่งของ
932,ภาพถ่ายของสิ่งของ
107,ภาพถ่ายของสิ่งของ
796,ภาพถ่ายของสิ่งของ
1263,ภาพถ่ายของสิ่งของ
178,ภาพถ่ายของสิ่งของ
957,ภาพถ่ายของสิ่งของ
1589,ภาพถ่ายของสิ่งของ
1155,ภาพถ่ายของสิ่งของ
1460,ภาพถ่ายของสิ่งของ
692,ภาพถ่ายของสิ่งของ
1081,ภาพถ่ายของสิ่งของ
281,ภาพถ่ายของสิ่งของ
1765,ภาพถ่ายของสิ่งของ
549,ภาพถ่ายของสิ่งของ
51,ภาพถ่ายของสิ่งของ
638,ภาพถ่ายของสิ่งของ
1766,ภาพถ่ายของสิ่งของ
343,ภาพถ่ายของสิ่งของ
1964,ภาพถ่ายของสิ่งของ
1109,ภาพถ่ายของสิ่งของ
1151,ภาพถ่ายของสิ่งของ
1456,ภาพถ่ายของสิ่งของ
1688,ภาพถ่ายของสิ่งของ
1614,ภาพถ่ายของสิ่งของ
321,ภาพถ่ายของสิ่งของ
1579,ภาพถ่ายของสิ่งของ
605,ภาพถ่ายของสิ่งของ
358,ภาพถ่ายของสิ่งของ
995,ภาพถ่ายของสิ่งของ
672,ภาพถ่ายของสิ่งของ
1384,ภาพถ่ายของสิ่งของ
785,ภาพถ่ายของสิ่งของ
229,ภาพถ่ายของสิ่งของ
159,ภาพถ่ายของสิ่งของ
81,ภาพถ่ายของสิ่งของ
5,ภาพถ่ายของสิ่งของ
591,ภาพถ่ายของสิ่งของ
60,ภาพถ่ายของสิ่งของ
419,ภาพถ่ายของสิ่งของ
421,ภาพถ่ายของสิ่งของ
1300,ภาพถ่ายของสิ่งของ
531,ภาพถ่ายของสิ่งของ
1161,ภาพถ่ายของสิ่งของ
494,ภาพถ่ายของสิ่งของ
1741,ภาพถ่ายของสิ่งของ
968,ภาพถ่ายของสิ่งของ
1888,ภาพถ่ายของสิ่งของ
877,ภาพถ่ายของสิ่งของ
1278,ภาพถ่ายของสิ่งของ
1402,ภาพถ่ายของสิ่งของ
1891,ภาพถ่ายของสิ่งของ
1650,ภาพถ่ายของสิ่งของ
611,ภาพถ่ายของสิ่งของ
515,ภาพถ่ายของสิ่งของ
465,ภาพถ่ายของสิ่งของ
899,ภาพถ่ายของสิ่งของ
1644,ภาพถ่ายของสิ่งของ
575,ภาพถ่ายของสิ่งของ
1202,ภาพถ่ายของสิ่งของ
696,ภาพถ่ายของสิ่งของ
1241,ภาพถ่ายของสิ่งของ
1309,ภาพถ่ายของสิ่งของ
1425,ภาพถ่ายของสิ่งของ
1791,ภาพถ่ายของสิ่งของ
1,ภาพถ่ายของสิ่งของ
945,ภาพถ่ายของสิ่งของ
408,ภาพถ่ายของสิ่งของ
1665,ภาพถ่ายของสิ่งของ
1507,ภาพถ่ายของสิ่งของ
1262,ภาพถ่ายของสิ่งของ
1782,ภาพถ่ายของสิ่งของ
1787,ภาพถ่ายของสิ่งของ
1629,ภาพถ่ายของสิ่งของ
586,ภาพถ่ายของสิ่งของ
1285,ภาพถ่ายของสิ่งของ
205,ภาพถ่ายของสิ่งของ
509,ภาพถ่ายของสิ่งของ
384,ภาพถ่ายของสิ่งของ
1763,ภาพถ่ายของสิ่งของ
1066,ภาพถ่ายของสิ่งของ
1516,ภาพถ่ายของสิ่งของ
1574,ภาพถ่ายของสิ่งของ
1998,ภาพถ่ายของสิ่งของ
1729,ภาพถ่ายของสิ่งของ
1538,ภาพถ่ายของสิ่งของ
1331,ภาพถ่ายของสิ่งของ
71,ภาพถ่ายของสิ่งของ
1734,ภาพถ่ายของสิ่งของ
256,ภาพถ่ายของสิ่งของ
208,ภาพถ่ายของสิ่งของ
754,ภาพถ่ายของสิ่งของ
1031,ภาพถ่ายของสิ่งของ
1974,ภาพถ่ายของสิ่งของ
1396,ภาพถ่ายของสิ่งของ
747,ภาพถ่ายของสิ่งของ
1366,ภาพถ่ายของสิ่งของ
1188,ภาพถ่ายของสิ่งของ
131,ภาพถ่ายของสิ่งของ
1645,ภาพถ่ายของสิ่งของ
1715,ภาพถ่ายของสิ่งของ
1917,ภาพถ่ายของสิ่งของ
1537,ภาพถ่ายของสิ่งของ
96,ภาพถ่ายของสิ่งของ
92,ภาพถ่ายของสิ่งของ
228,ภาพถ่ายของสิ่งของ
721,ภาพถ่ายของสิ่งของ
817,ภาพถ่ายของสิ่งของ
1292,ภาพถ่ายของสิ่งของ
1511,ภาพถ่ายของสิ่งของ
1992,ภาพถ่ายของสิ่งของ
117,ภาพถ่ายของสิ่งของ
161,ภาพถ่ายของสิ่งของ
190,ภาพถ่ายของสิ่งของ
1794,ภาพถ่ายของสิ่งของ
1121,ภาพถ่ายของสิ่งของ
1038,ภาพถ่ายของสิ่งของ
1696,ภาพถ่ายของสิ่งของ
1028,ภาพถ่ายของสิ่งของ
868,ภาพถ่ายของสิ่งของ
1963,ภาพถ่ายของสิ่งของ
585,ภาพถ่ายของสิ่งของ
406,ภาพถ่ายของสิ่งของ
75,ภาพถ่ายของสิ่งของ
1928,ภาพถ่ายของสิ่งของ
105,ภาพถ่ายของสิ่งของ
1165,ภาพถ่ายของสิ่งของ
1209,ภาพถ่ายของสิ่งของ
327,ภาพถ่ายของสิ่งของ
739,ภาพถ่ายของสิ่งของ
744,ภาพถ่ายของสิ่งของ
89,ภาพถ่ายของสิ่งของ
1731,ภาพถ่ายของสิ่งของ
33,ภาพถ่ายของสิ่งของ
86,ภาพถ่ายของสิ่งของ
905,ภาพถ่ายของสิ่งของ
550,ภาพถ่ายของสิ่งของ
1123,ภาพถ่ายของสิ่งของ
329,ภาพถ่ายของสิ่งของ
1771,ภาพถ่ายของสิ่งของ
1722,ภาพถ่ายของสิ่งของ
1619,ภาพถ่ายของสิ่งของ
734,ภาพถ่ายของสิ่งของ
1338,ภาพถ่ายของสิ่งของ
964,ภาพถ่ายของสิ่งของ
187,ภาพถ่ายของสิ่งของ
220,ภาพถ่ายของสิ่งของ
768,ภาพถ่ายของสิ่งของ
1935,ภาพถ่ายของสิ่งของ
718,ภาพถ่ายของสิ่งของ
1523,ภาพถ่ายของสิ่งของ
140,ภาพถ่ายของสิ่งของ
1235,ภาพถ่ายของสิ่งของ
74,ภาพถ่ายของสิ่งของ
704,ภาพถ่ายของสิ่งของ
363,ภาพถ่ายของสิ่งของ
1586,ภาพถ่ายของสิ่งของ
837,ภาพถ่ายของสิ่งของ
247,ภาพถ่ายของสิ่งของ
1091,ภาพถ่ายของสิ่งของ
344,ภาพถ่ายของสิ่งของ
1374,ภาพถ่ายของสิ่งของ
1145,ภาพถ่ายของสิ่งของ
1005,ภาพถ่ายของสิ่งของ
1956,ภาพถ่ายของสิ่งของ
137,ภาพถ่ายของสิ่งของ
148,ภาพถ่ายของสิ่งของ
289,ภาพถ่ายของสิ่งของ
348,ภาพถ่ายของสิ่งของ
451,ภาพถ่ายของสิ่งของ
1898,ภาพถ่ายของสิ่งของ
1778,ภาพถ่ายของสิ่งของ
703,ภาพถ่ายของสิ่งของ
318,ภาพถ่ายของสิ่งของ
122,ภาพถ่ายของสิ่งของ
1740,ภาพถ่ายของสิ่งของ
1214,ภาพถ่ายของสิ่งของ
1869,ภาพถ่ายของสิ่งของ
866,ภาพถ่ายของสิ่งของ
589,ภาพถ่ายของสิ่งของ
633,ภาพถ่ายของสิ่งของ
37,ภาพถ่ายของสิ่งของ
724,ภาพถ่ายของสิ่งของ
1945,ภาพถ่ายของสิ่งของ
1176,ภาพถ่ายของสิ่งของ
537,ภาพถ่ายของสิ่งของ
7,ภาพถ่ายของสิ่งของ
1973,ภาพถ่ายของสิ่งของ
492,ภาพถ่ายของสิ่งของ
1111,ภาพถ่ายของสิ่งของ
1550,ภาพถ่ายของสิ่งของ
748,ภาพถ่ายของสิ่งของ
1989,ภาพถ่ายของสิ่งของ
1824,ภาพถ่ายของสิ่งของ
1388,ภาพถ่ายของสิ่งของ
152,ภาพถ่ายของสิ่งของ
1897,ภาพถ่ายของสิ่งของ
518,ภาพถ่ายของสิ่งของ
1260,ภาพถ่ายของสิ่งของ
1330,ภาพถ่ายของสิ่งของ
1834,ภาพถ่ายของสิ่งของ
830,ภาพถ่ายของสิ่งของ
1648,ภาพถ่ายของสิ่งของ
339,ภาพถ่ายของสิ่งของ
1640,ภาพถ่ายของสิ่งของ
540,ภาพถ่ายของสิ่งของ
1811,ภาพถ่ายของสิ่งของ
1472,ภาพถ่ายของสิ่งของ
610,ภาพถ่ายของสิ่งของ
365,ภาพถ่ายของสิ่งของ
176,ภาพถ่ายของสิ่งของ
827,ภาพถ่ายของสิ่งของ
217,ภาพถ่ายของสิ่งของ
799,ภาพถ่ายของสิ่งของ
1061,ภาพถ่ายของสิ่งของ
1636,ภาพถ่ายของสิ่งของ
794,ภาพถ่ายของสิ่งของ
999,ภาพถ่ายของสิ่งของ
798,ภาพถ่ายของสิ่งของ
1825,ภาพถ่ายของสิ่งของ
1884,ภาพถ่ายของสิ่งของ
147,ภาพถ่ายของสิ่งของ
1521,ภาพถ่ายของสิ่งของ
1831,ภาพถ่ายของสิ่งของ
388,ภาพถ่ายของสิ่งของ
1328,ภาพถ่ายของสิ่งของ
462,ภาพถ่ายของสิ่งของ
201,ภาพถ่ายของสิ่งของ
600,ภาพถ่ายของสิ่งของ
1633,ภาพถ่ายของสิ่งของ
468,ภาพถ่ายของสิ่งของ
1339,ภาพถ่ายของสิ่งของ
617,ภาพถ่ายของสิ่งของ
1253,ภาพถ่ายของสิ่งของ
1117,ภาพถ่ายของสิ่งของ
1297,ภาพถ่ายของสิ่งของ
594,ภาพถ่ายของสิ่งของ
1726,ภาพถ่ายของสิ่งของ
413,ภาพถ่ายของสิ่งของ
1676,ภาพถ่ายของสิ่งของ
1317,ภาพถ่ายของสิ่งของ
512,ภาพถ่ายของสิ่งของ
901,ภาพถ่ายของสิ่งของ
1344,ภาพถ่ายของสิ่งของ
741,ภาพถ่ายของสิ่งของ
767,ภาพถ่ายของสิ่งของ
26,ภาพถ่ายของสิ่งของ
175,ภาพถ่ายของสิ่งของ
763,ภาพถ่ายของสิ่งของ
11,ภาพถ่ายของสิ่งของ
825,ภาพถ่ายของสิ่งของ
1389,ภาพถ่ายของสิ่งของ
103,ภาพถ่ายของสิ่งของ
1764,ภาพถ่ายของสิ่งของ
1492,ภาพถ่ายของสิ่งของ
1575,ภาพถ่ายของสิ่งของ
1862,ภาพถ่ายของสิ่งของ
1221,ภาพถ่ายของสิ่งของ
976,ภาพถ่ายของสิ่งของ
416,ภาพถ่ายของสิ่งของ
1772,ภาพถ่ายของสิ่งของ
171,ภาพถ่ายของสิ่งของ
1246,ภาพถ่ายของสิ่งของ
1651,ภาพถ่ายของสิ่งของ
1833,ภาพถ่ายของสิ่งของ
1856,ภาพถ่ายของสิ่งของ
1918,ภาพถ่ายของสิ่งของ
1983,ภาพถ่ายของสิ่งของ
1570,ภาพถ่ายของสิ่งของ
287,ภาพถ่ายของสิ่งของ
644,ภาพถ่ายของสิ่งของ
1004,ภาพถ่ายของสิ่งของ
766,ภาพถ่ายของสิ่งของ
687,ภาพถ่ายของสิ่งของ
1569,ภาพถ่ายของสิ่งของ
1721,ภาพถ่ายของสิ่งของ
510,ภาพถ่ายของสิ่งของ
53,ภาพถ่ายของสิ่งของ
469,ภาพถ่ายของสิ่งของ
1455,ภาพถ่ายของสิ่งของ
1257,ภาพถ่ายของสิ่งของ
1996,ภาพถ่ายของสิ่งของ
1267,ภาพถ่ายของสิ่งของ
1436,ภาพถ่ายของสิ่งของ
1562,ภาพถ่ายของสิ่งของ
1675,ภาพถ่ายของสิ่งของ
807,ภาพถ่ายของสิ่งของ
561,ภาพถ่ายของสิ่งของ
219,ภาพถ่ายของสิ่งของ
579,ภาพถ่ายของสิ่งของ
898,ภาพถ่ายของสิ่งของ
415,ภาพถ่ายของสิ่งของ
758,ภาพถ่ายของสิ่งของ
1839,ภาพถ่ายของสิ่งของ
269,ภาพถ่ายของสิ่งของ
1204,ภาพถ่ายของสิ่งของ
1485,ภาพถ่ายของสิ่งของ
959,ภาพถ่ายของสิ่งของ
1323,ภาพถ่ายของสิ่งของ
917,ภาพถ่ายของสิ่งของ
981,ภาพถ่ายของสิ่งของ
728,ภาพถ่ายของสิ่งของ
1205,ภาพถ่ายของสิ่งของ
927,ภาพถ่ายของสิ่งของ
202,ภาพถ่ายของสิ่งของ
265,ภาพถ่ายของสิ่งของ
1632,ภาพถ่ายของสิ่งของ
1224,ภาพถ่ายของสิ่งของ
277,ภาพถ่ายของสิ่งของ
514,ภาพถ่ายของสิ่งของ
1669,ภาพถ่ายของสิ่งของ
1316,ภาพถ่ายของสิ่งของ
1180,ภาพถ่ายของสิ่งของ
832,ภาพถ่ายของสิ่งของ
1849,ภาพถ่ายของสิ่งของ
194,ภาพถ่ายของสิ่งของ
580,ภาพถ่ายของสิ่งของ
475,ภาพถ่ายของสิ่งของ
1545,ภาพถ่ายของสิ่งของ
1134,ภาพถ่ายของสิ่งของ
888,ภาพถ่ายของสิ่งของ
916,ภาพถ่ายของสิ่งของ
411,ภาพถ่ายของสิ่งของ
1359,ภาพถ่ายของสิ่งของ
838,ภาพถ่ายของสิ่งของ
1421,ภาพถ่ายของสิ่งของ
829,ภาพถ่ายของสิ่งของ
925,ภาพถ่ายของสิ่งของ
1556,ภาพถ่ายของสิ่งของ
911,ภาพถ่ายของสิ่งของ
1730,ภาพถ่ายของสิ่งของ
1490,ภาพถ่ายของสิ่งของ
1376,ภาพถ่ายของสิ่งของ
223,ภาพถ่ายของสิ่งของ
432,ภาพถ่ายของสิ่งของ
1540,ภาพถ่ายของสิ่งของ
956,ภาพถ่ายของสิ่งของ
659,ภาพถ่ายของสิ่งของ
294,ภาพถ่ายของสิ่งของ
1803,ภาพถ่ายของสิ่งของ
1887,ภาพถ่ายของสิ่งของ
1222,ภาพถ่ายของสิ่งของ
1320,ภาพถ่ายของสิ่งของ
361,ภาพถ่ายของสิ่งของ
1195,ภาพถ่ายของสิ่งของ
236,ภาพถ่ายของสิ่งของ
677,ภาพถ่ายของสิ่งของ
1166,ภาพถ่ายของสิ่งของ
1576,ภาพถ่ายของสิ่งของ
1310,ภาพถ่ายของสิ่งของ
285,ภาพถ่ายของสิ่งของ
1051,ภาพถ่ายของสิ่งของ
1272,ภาพถ่ายของสิ่งของ
1175,ภาพถ่ายของสิ่งของ
21,ภาพถ่ายของสิ่งของ
565,ภาพถ่ายของสิ่งของ
373,ภาพถ่ายของสิ่งของ
996,ภาพถ่ายของสิ่งของ
1077,ภาพถ่ายของสิ่งของ
1495,ภาพถ่ายของสิ่งของ
182,ภาพถ่ายของสิ่งของ
113,ภาพถ่ายของสิ่งของ
1268,ภาพถ่ายของสิ่งของ
1678,ภาพถ่ายของสิ่งของ
543,ภาพถ่ายของสิ่งของ
1090,ภาพถ่ายของสิ่งของ
1099,ภาพถ่ายของสิ่งของ
1706,ภาพถ่ายของสิ่งของ
1154,ภาพถ่ายของสิ่งของ
377,ภาพถ่ายของสิ่งของ
666,ภาพถ่ายของสิ่งของ
1437,ภาพถ่ายของสิ่งของ
1482,ภาพถ่ายของสิ่งของ
505,ภาพถ่ายของสิ่งของ
635,ภาพถ่ายของสิ่งของ
34,ภาพถ่ายของสิ่งของ
986,ภาพถ่ายของสิ่งของ
1429,ภาพถ่ายของสิ่งของ
473,ภาพถ่ายของสิ่งของ
39,ภาพถ่ายของสิ่งของ
35,ภาพถ่ายของสิ่งของ
1927,ภาพถ่ายของสิ่งของ
1363,ภาพถ่ายของสิ่งของ
618,ภาพถ่ายของสิ่งของ
860,ภาพถ่ายของสิ่งของ
1089,ภาพถ่ายของสิ่งของ
1171,ภาพถ่ายของสิ่งของ
76,ภาพถ่ายของสิ่งของ
1581,ภาพถ่ายของสิ่งของ
948,ภาพถ่ายของสิ่งของ
1768,ภาพถ่ายของสิ่งของ
1779,ภาพถ่ายของสิ่งของ
1238,ภาพถ่ายของสิ่งของ
955,ภาพถ่ายของสิ่งของ
435,ภาพถ่ายของสิ่งของ
1867,ภาพถ่ายของสิ่งของ
946,ภาพถ่ายของสิ่งของ
14,ภาพถ่ายของสิ่งของ
1058,ภาพถ่ายของสิ่งของ
1518,ภาพถ่ายของสิ่งของ
947,ภาพถ่ายของสิ่งของ
640,ภาพถ่ายของสิ่งของ
1580,ภาพถ่ายของสิ่งของ
857,ภาพถ่ายของสิ่งของ
1634,ภาพถ่ายของสิ่งของ
1326,ภาพถ่ายของสิ่งของ
842,ภาพถ่ายของสิ่งของ
708,ภาพถ่ายของสิ่งของ
1519,ภาพถ่ายของสิ่งของ
938,ภาพถ่ายของสิ่งของ
1191,ภาพถ่ายของสิ่งของ
303,ภาพถ่ายของสิ่งของ
16,ภาพถ่ายของสิ่งของ
1457,ภาพถ่ายของสิ่งของ
1141,ภาพถ่ายของสิ่งของ
1096,ภาพถ่ายของสิ่งของ
1112,ภาพถ่ายของสิ่งของ
45,ภาพถ่ายของสิ่งของ
1506,ภาพถ่ายของสิ่งของ
884,ภาพถ่ายของสิ่งของ
1583,ภาพถ่ายของสิ่งของ
1599,ภาพถ่ายของสิ่งของ
1842,ภาพถ่ายของสิ่งของ
1265,ภาพถ่ายของสิ่งของ
1889,ภาพถ่ายของสิ่งของ
1843,ภาพถ่ายของสิ่งของ
1978,ภาพถ่ายของสิ่งของ
1313,ภาพถ่ายของสิ่งของ
1750,ภาพถ่ายของสิ่งของ
808,ภาพถ่ายของสิ่งของ
762,ภาพถ่ายของสิ่งของ
273,ภาพถ่ายของสิ่งของ
1646,ภาพถ่ายของสิ่งของ
394,ภาพถ่ายของสิ่งของ
828,ภาพถ่ายของสิ่งของ
631,ภาพถ่ายของสิ่งของ
234,ภาพถ่ายของสิ่งของ
246,ภาพถ่ายของสิ่งของ
771,ภาพถ่ายของสิ่งของ
218,ภาพถ่ายของสิ่งของ
1585,ภาพถ่ายของสิ่งของ
1960,ภาพถ่ายของสิ่งของ
1601,ภาพถ่ายของสิ่งของ
1232,ภาพถ่ายของสิ่งของ
25,ภาพถ่ายของสิ่งของ
233,ภาพถ่ายของสิ่งของ
834,ภาพถ่ายของสิ่งของ
401,ภาพถ่ายของสิ่งของ
241,ภาพถ่ายของสิ่งของ
420,ภาพถ่ายของสิ่งของ
353,ภาพถ่ายของสิ่งของ
1132,ภาพถ่ายของสิ่งของ
291,ภาพถ่ายของสิ่งของ
230,ภาพถ่ายของสิ่งของ
418,ภาพถ่ายของสิ่งของ
613,ภาพถ่ายของสิ่งของ
1259,ภาพถ่ายของสิ่งของ
715,ภาพถ่ายของสิ่งของ
111,ภาพถ่ายของสิ่งของ
1445,ภาพถ่ายของสิ่งของ
1567,ภาพถ่ายของสิ่งของ
1406,ภาพถ่ายของสิ่งของ
1126,ภาพถ่ายของสิ่งของ
278,ภาพถ่ายของสิ่งของ
57,ภาพถ่ายของสิ่งของ
1179,ภาพถ่ายของสิ่งของ
786,ภาพถ่ายของสิ่งของ
1264,ภาพถ่ายของสิ่งของ
27,ภาพถ่ายของสิ่งของ
248,ภาพถ่ายของสิ่งของ
1720,ภาพถ่ายของสิ่งของ
1157,ภาพถ่ายของสิ่งของ
1949,ภาพถ่ายของสิ่งของ
658,ภาพถ่ายของสิ่งของ
1970,ภาพถ่ายของสิ่งของ
393,ภาพถ่ายของสิ่งของ
954,ภาพถ่ายของสิ่งของ
521,ภาพถ่ายของสิ่งของ
282,ภาพถ่ายของสิ่งของ
1256,ภาพถ่ายของสิ่งของ
41,ภาพถ่ายของสิ่งของ
1563,ภาพถ่ายของสิ่งของ
904,ภาพถ่ายของสิ่งของ
987,ภาพถ่ายของสิ่งของ
1672,ภาพถ่ายของสิ่งของ
1881,ภาพถ่ายของสิ่งของ
325,ภาพถ่ายของสิ่งของ
1667,ภาพถ่ายของสิ่งของ
381,ภาพถ่ายของสิ่งของ
1420,ภาพถ่ายของสิ่งของ
1677,ภาพถ่ายของสิ่งของ
15,ภาพถ่ายของสิ่งของ
1147,ภาพถ่ายของสิ่งของ
853,ภาพถ่ายของสิ่งของ
929,ภาพถ่ายของสิ่งของ
367,ภาพถ่ายของสิ่งของ
602,ภาพถ่ายของสิ่งของ
1598,ภาพถ่ายของสิ่งของ
792,ภาพถ่ายของสิ่งของ
258,ภาพถ่ายของสิ่งของ
702,ภาพถ่ายของสิ่งของ
1348,ภาพถ่ายของสิ่งของ
1025,ภาพถ่ายของสิ่งของ
539,ภาพถ่ายของสิ่งของ
1009,ภาพถ่ายของสิ่งของ
564,ภาพถ่ายของสิ่งของ
1443,ภาพถ่ายของสิ่งของ
1417,ภาพถ่ายของสิ่งของ
1703,ภาพถ่ายของสิ่งของ
1664,ภาพถ่ายของสิ่งของ
581,ภาพถ่ายของสิ่งของ
952,ภาพถ่ายของสิ่งของ
1972,ภาพถ่ายของสิ่งของ
1804,ภาพถ่ายของสิ่งของ
1107,ภาพถ่ายของสิ่งของ
38,ภาพถ่ายของสิ่งของ
1486,ภาพถ่ายของสิ่งของ
992,ภาพถ่ายของสิ่งของ
1277,ภาพถ่ายของสิ่งของ
1626,ภาพถ่ายของสิ่งของ
541,ภาพถ่ายของสิ่งของ
1185,ภาพถ่ายของสิ่งของ
1249,ภาพถ่ายของสิ่งของ
1015,ภาพถ่ายของสิ่งของ
1499,ภาพถ่ายของสิ่งของ
168,ภาพถ่ายของสิ่งของ
1591,ภาพถ่ายของสิ่งของ
1372,ภาพถ่ายของสิ่งของ
1307,ภาพถ่ายของสิ่งของ
818,ภาพถ่ายของสิ่งของ
1100,ภาพถ่ายของสิ่งของ
301,ภาพถ่ายของสิ่งของ
852,ภาพถ่ายของสิ่งของ
1475,ภาพถ่ายของสิ่งของ
513,ภาพถ่ายของสิ่งของ
865,ภาพถ่ายของสิ่งของ
1821,ภาพถ่ายของสิ่งของ
132,ภาพถ่ายของสิ่งของ
1254,ภาพถ่ายของสิ่งของ
823,ภาพถ่ายของสิ่งของ
668,ภาพถ่ายของสิ่งของ
336,ภาพถ่ายของสิ่งของ
1797,ภาพถ่ายของสิ่งของ
506,ภาพถ่ายของสิ่งของ
1809,ภาพถ่ายของสิ่งของ
1534,ภาพถ่ายของสิ่งของ
1433,ภาพถ่ายของสิ่งของ
100,ภาพถ่ายของสิ่งของ
953,ภาพถ่ายของสิ่งของ
1295,ภาพถ่ายของสิ่งของ
110,ภาพถ่ายของสิ่งของ
508,ภาพถ่ายของสิ่งของ
310,ภาพถ่ายของสิ่งของ
206,ภาพถ่ายของสิ่งของ
886,ภาพถ่ายของสิ่งของ
78,ภาพถ่ายของสิ่งของ
1059,ภาพถ่ายของสิ่งของ
1242,ภาพถ่ายของสิ่งของ
184,ภาพถ่ายของสิ่งของ
1717,ภาพถ่ายของสิ่งของ
200,ภาพถ่ายของสิ่งของ
1476,ภาพถ่ายของสิ่งของ
128,ภาพถ่ายของสิ่งของ
1244,ภาพถ่ายของสิ่งของ
1878,ภาพถ่ายของสิ่งของ
1943,ภาพถ่ายของสิ่งของ
984,ภาพถ่ายของสิ่งของ
1199,ภาพถ่ายของสิ่งของ
1337,ภาพถ่ายของสิ่งของ
135,ภาพถ่ายของสิ่งของ
1162,ภาพถ่ายของสิ่งของ
1452,ภาพถ่ายของสิ่งของ
760,ภาพถ่ายของสิ่งของ
542,ภาพถ่ายของสิ่งของ
1976,ภาพถ่ายของสิ่งของ
1386,ภาพถ่ายของสิ่งของ
29,ภาพถ่ายของสิ่งของ
1065,ภาพถ่ายของสิ่งของ
195,ภาพถ่ายของสิ่งของ
1026,ภาพถ่ายของสิ่งของ
1345,ภาพถ่ายของสิ่งของ
